"Z", "K_L1", "K_L2", "K_L3", "K_M2", "K_M3", "K_M4", "K_M5", "K_N2", "K_N3", "K_N4", "K_N5", "K_O2", "K_O3", "K_O4", "K_O5", "K_P2", "K_P3", "L1_M2", "L1_M3", "L1_M4", "L1_M5", "L1_N2", "L1_N3", "L1_N4", "L1_N5", "L1_O2", "L1_O3", "L1_O4", "L1_O5", "L1_P2", "L1_P3", "L2_M1", "L2_M3", "L2_M4", "L2_N1", "L2_N3", "L2_N4", "L2_N6", "L2_O1", "L2_O3", "L2_O4", "L2_P1", "L2_P3", "L3_M1", "L3_M2", "L3_M3", "L3_M4", "L3_M5", "L3_N1", "L3_N2", "L3_N3", "L3_N4", "L3_N5", "L3_N6", "L3_N7", "L3_O1", "L3_O2", "L3_O3", "L3_O4", "L3_O5", "L3_P1", "L3_P2", "L3_P3", "M1_N2", "M1_N3", "M1_O2", "M1_O3", "M1_P2", "M1_P3", "M2_N1", "M2_N4", "M2_O1", "M2_O4", "M2_P1", "M3_N1", "M3_N4", "M3_N5", "M3_O1", "M3_O4", "M3_O5", "M3_P1", "M4_N2", "M4_N3", "M4_N6", "M4_O2", "M4_O3", "M4_P2", "M4_P3", "M5_N3", "M5_N6", "M5_N7", "M5_O3", "M5_P3", "N1_O2", "N1_O3", "N1_P2", "N1_P3", "N2_O1", "N2_O4", "N2_P1", "N3_O1", "N3_O4", "N3_O5", "N3_P1", "N4_O2", "N4_O3", "N4_P2", "N4_P3", "N5_O3", "N5_P3", "N6_O4", "N6_O5", "N7_O5", "O1_P2", "O1_P3", "O2_P1", "O3_P1"
1,,,,,,,,,,,,,,,,,,,,,,,,,,,,,,,,,,,,,,,,,,,,,,,,,,,,,,,,,,,,,,,,,,,,,,,,,,,,,,,,,,,,,,,,,,,,,,,,,,,,,,,,,,,,,,,,,,,,,
2,,,,,,,,,,,,,,,,,,,,,,,,,,,,,,,,,,,,,,,,,,,,,,,,,,,,,,,,,,,,,,,,,,,,,,,,,,,,,,,,,,,,,,,,,,,,,,,,,,,,,,,,,,,,,,,,,,,,,
3, 1e-5,,,,,,,,,,,,,,,,,,,,,,,,,,,,,,,,,,,,,,,,,,,,,,,,,,,,,,,,,,,,,,,,,,,,,,,,,,,,,,,,,,,,,,,,,,,,,,,,,,,,,,,,,,,,,,,,,,,,
4, 5e-05,,,,,,,,,,,,,,,,,,,,,,,,,,,,,,,,,,,,,,,,,,,,,,,,,,,,,,,,,,,,,,,,,,,,,,,,,,,,,,,,,,,,,,,,,,,,,,,,,,,,,,,,,,,,,,,,,,,,
5,,, 0.0002,,,,,,,,,,,,,,,,,,,,,,,,,,,,,,,,,,,,,,,,,,,,,,,,,,,,,,,,,,,,,,,,,,,,,,,,,,,,,,,,,,,,,,,,,,,,,,,,,,,,,,,,,,,,,,,,,,
6,, 0.00056149, 0.0011206,,,,,,,,,,,,,,,,,,,,,,,,,,,,,,,,,,,,,,,,,,,,,,,,,,,,,,,,,,,,,,,,,,,,,,,,,,,,,,,,,,,,,,,,,,,,,,,,,,,,,,,,,,,,,,,,,,
7,, 0.0010942, 0.00218181,,,,,,,,,,,,,,,,,,,,,,,,,,,,,,,,,,,,,,,,,,,,,,,,,,,,,,,,,,,,,,,,,,,,,,,,,,,,,,,,,,,,,,,,,,,,,,,,,,,,,,,,,,,,,,,,,,
8,, 0.00190768, 0.00380027,,,,,,,,,,,,,,,,,,,,,,,,,,,,,,,,,,,,,,,,,,,,,,,,,,,,,,,,,,,,,,,,,,,,,,,,,,,,,,,,,,,,,,,,,,,,,,,,,,,,,,,,,,,,,,,,,,
9,, 0.00306841, 0.00610744,,,,,,,,,,,,,,,,,,,,,,,,,,,,,,,,,,,,,,,,,,,,,,,,,,,,,,,,,,,,,,,,,,,,,,,,,,,,,,,,,,,,,,,,,,,,,,,,,,,,,,,,,,,,,,,,,,
10,, 0.00464329, 0.00922967,,,,,,,,,,,,,,,,,,,,,,,,,,,,,,,,,,,,,,,,,,,,,,,,,,,,,,,,,,,,,,,,,,,,,,,,,,,,,,,,,,,,,,,,,,,,,,,,,,,,,,,,,,,,,,,,,,
11,, 0.00668996, 0.0132959,,,,,,,,,,,,,,,,,,,,,,,,,,,,,,,,,,,,,,,,,,,,,,,,,,,,,,,,,,,,,,,,,,,,,,,,,,,,,,,,,,,,,,,,,,,,,,,,,,,,,,,,,,,,,,,,,,
12,, 0.00927327, 0.0184189,,,,,,,,,,,,,,,,,,,,,,,,,,,,, 3.41e-06,,,,,,,,,,,, 3.18e-06,,,,,,,,,,,,,,,,,,,,,,,,,,,,,,,,,,,,,,,,,,,,,,,,,,,,,,,,,,,,,,,,,,,,,,,,,
13,, 0.0123699, 0.0245528, 7.559e-05, 0.00015004,,,,,,,,,,,,, 2.08e-06, 4.03e-06,,,,,,,,,,,,, 1.605e-05,,,,,,,,,,,, 1.5e-05,,,,,,,,,,,,,,,,,,,,,,,,,,,,,,,,,,,,,,,,,,,,,,,,,,,,,,,,,,,,,,,,,,,,,,,,,
14,, 0.0159791, 0.0317052, 0.0002724, 0.00054044,,,,,,,,,,,,, 5.83e-06, 1.073e-05,,,,,,,,,,,,, 4.72e-05,,,,,,,,,,,, 4.421e-05,,,,,,,,,,,,,,,,,,,,,,,,,,,,,,,,,,,,,,,,,,,,,,,,,,,,,,,,,,,,,,,,,,,,,,,,,
15,, 0.020122, 0.0398749, 0.00062147, 0.0012321,,,,,,,,,,,,, 1.43e-05, 2.505e-05,,,,,,,,,,,,, 0.00010731, 1e-08,,,,,,,,,,, 0.00010072, 1e-08, 1e-08,,,,,,,,,,,,,,,,,,,,,,,,,,,,,,,,,,,,,,,,,,,,,,,,,,,,,,,,,,,,,,,,,,,,,,,
16,, 0.0247822, 0.0490644, 0.00115591, 0.00228902,,,,,,,,,,,,, 3.058e-05, 5.148e-05,,,,,,,,,,,,, 0.00020743, 3e-08,,,,,,,,,,, 0.00019508, 2e-08, 2e-08,,,,,,,,,,,,,,,,,,,,,,,,,,,,,,,,,,,,,,,,,,,,,,,,,,,,,,,,,,,,,,,,,,,,,,,
17,, 0.0299473, 0.0592357, 0.00190852, 0.00377764,,,,,,,,,,,,, 5.776e-05, 9.346e-05,,,,,,,,,,,,, 0.00035857, 1e-07,,,,,,,,,,, 0.00033784, 5e-08, 5e-08,,,,,,,,,,,,,,,,,,,,,,,,,,,,,,,,,,,,,,,,,,,,,,,,,,,,,,,,,,,,,,,,,,,,,,,
18,, 0.0355868, 0.0703336, 0.00291258, 0.00575646,,,,,,,,,,,,, 9.684e-05, 0.0001527,,,,,,,,,,,,, 0.00057135, 2.5e-07,,,,,,,,,,, 0.00053918, 1.1e-07, 1.1e-07,,,,,,,,,,,,,,,,,,,,,,,,,,,,,,,,,,,,,,,,,,,,,,,,,,,,,,,,,,,,,,,,,,,,,,,
19,, 0.0418599, 0.0826518, 0.00399739, 0.00791008,,,,,,,,,,,,, 0.00014723, 0.0002254,,,,,,,,,,,,, 0.00083541, 4.8e-07,, 2.039e-05,,,,,,,,, 0.00078947, 2.2e-07, 2.2e-07,,, 1.925e-05,,,,,,,,,,,,,,,,,,,,,,,,,,,,,,,,,,,,,,,,,,,,,,,,,,,,,,,,,,,,,,,,,,,,
20,, 0.0487196, 0.0961323, 0.00517776, 0.0102489,,,,,,,,,,,,, 0.00020406, 0.00030602,,,,,,,,,,,,, 0.00119571, 8.7e-07,, 2.536e-05,,,,,,,,, 0.0011313, 4.1e-07, 4e-07,,, 2.397e-05,,,,,,,,,,,,,,,,,,,,,,,,,,,,,,,,,,,,,,,,,,,,,,,,,,,,,,,,,,,,,,,,,,,,
21,, 0.0563841, 0.11113, 0.00622301, 0.012304,, 2.9e-07,,,,,,,,,,, 0.00026257, 0.00038878, 1.4e-07, 2.1e-07,,,,,,,,,,, 0.00155229, 1.42e-06, 9.277e-05, 3.039e-05,,,,,,,,, 0.00147392, 6.6e-07, 6.5e-07, 6.52e-06, 7.764e-05, 2.878e-05,,,,,,,,,,,,,,,,,,,,,,,,,,,,,,,,,,,,,,,,,,,,,,,,,,,,,,,,,,,,,,,,,,,,
22,, 0.0645983, 0.12714, 0.00732673, 0.014475,, 8.7e-07,,,,,,,,,,, 0.00032229, 0.00047155, 3.1e-07, 4.6e-07,,,,,,,,,,, 0.0020199, 2.27e-06, 0.00016888, 3.78e-05,,,,,,,,, 0.00191569, 1.08e-06, 1.06e-06, 1.243e-05, 0.00014599, 3.605e-05,,,,,,,,,,,,,,,,,,,,, 1e-08,,,,, 1e-08,,,,,,,,,,,,,,,,,,,,,,,,,,,,,,,,,,,,,,,,,,
23,, 0.0732827, 0.144051, 0.00848408, 0.0167441, 1.26e-06, 1.86e-06,,,,,,,,,,, 0.00037893, 0.0005539, 5.7e-07, 8.3e-07,,,,,,,,,,, 0.0025331, 3.47e-06, 0.00030097, 4.681e-05,,,,,,,,, 0.00239979, 1.66e-06, 1.62e-06, 2.282e-05, 0.00026484, 4.437e-05,,,,,,,,,,,,,,,,,,,,, 1e-08,,,,, 1e-08,,,,,,,,,,,,,,,,,,,,,,,,,,,,,,,,,,,,,,,,,,
24,, 0.0825759, 0.16209, 0.00949389, 0.018701, 2.53e-06, 3.7e-06,,,,,,,,,,, 0.00043341, 0.00063276, 9e-07, 1.28e-06,,,,,,,,,,, 0.00306272, 5.02e-06, 0.00052455, 5.758e-05,,,,,,,,, 0.0028913, 2.43e-06, 2.38e-06, 4.102e-05, 0.00047029, 5.434e-05,,,,,,,,,,,,,,,,,,,,, 2e-08,,,,, 1e-08,,,,,,,,,,,,,,,,,,,,,,,,,,,,,,,,,,,,,,,,,,
25,, 0.0917727, 0.179949, 0.010936, 0.0215229, 3.86e-06, 5.64e-06,,,,,,,,,,, 0.00048796, 0.00070855, 1.26e-06, 1.76e-06,,,,,,,,,,, 0.00357611, 7.01e-06, 0.00087771, 6.972e-05,,,,,,,,, 0.00335628, 3.42e-06, 3.34e-06, 7.066e-05, 0.00079801, 6.557e-05,,,,,,,,,,,,,,,,,,,,, 5e-08,,,,, 3e-08,,,,,,,,,,,,,,,,,,,,,,,,,,,,,,,,,,,,,,,,,,
26,, 0.101391, 0.198621, 0.0122111, 0.0240042, 6.01e-06, 8.77e-06,,,,,,,,,,, 0.00053355, 0.0007921, 1.62e-06, 2.2e-06,,,,,,,,,,, 0.00403768, 9.18e-06, 0.00140199, 8.274e-05,,,,,,,,, 0.00375953, 4.57e-06, 4.45e-06, 0.00011499, 0.00128521, 7.696e-05,,,,,,,,,,,,,,,,,,,,, 1.1e-07,,,,, 7e-08,,,,,,,,,,,,,,,,,,,,,,,,,,,,,,,,,,,,,,,,,,
27,, 0.11122, 0.21747, 0.013502, 0.026513, 8.91e-06, 1.297e-05,,,,,,,,,,, 0.00058279, 0.00086975, 1.96e-06, 2.6e-06,,,,,,,,,,, 0.0043821, 1.165e-05, 0.0021677, 9.631e-05,,,,,,,,, 0.0040698, 5.77e-06, 5.62e-06, 0.00017875, 0.0019634, 8.752e-05,,,,,,,,,,,,,,,,,,,,, 2.2e-07,,,,, 1.5e-07,,,,,,,,,,,,,,,,,,,,,,,,,,,,,,,,,,,,,,,,,,
28,, 0.12106, 0.236419, 0.014805, 0.0290299, 1.269e-05, 1.844e-05,,,,,,,,,,, 0.00063214, 0.0009677, 2.27e-06, 2.98e-06,,,,,,,,,,, 0.00455671, 1.394e-05, 0.00312391, 0.0001083,,,,,,,,, 0.00426136, 7.04e-06, 6.84e-06, 0.0002627, 0.00285977, 9.788e-05,,,,,,,,,,,,,,,,,,,,, 3.9e-07,,,,, 3.1e-07,,,,,,,,,,,,,,,,,,,,,,,,,,,,,,,,,,,,,,,,,,
29,, 0.131119, 0.255668, 0.0158899, 0.0310908, 1.794e-05, 2.593e-05,,,,,,,,,,, 0.00068836, 0.0010652, 2.6e-06, 3.42e-06,,,,,,,,,,, 0.00465603, 1.625e-05, 0.00442993, 0.00012089,,,,,,,,, 0.00433818, 8.2e-06, 7.95e-06, 0.00037092, 0.00397209, 0.00010619,,,,,,,,,,,,,,,,,,,,, 6.4e-07,,,,, 5.7e-07,,,,,,,,,,,,,,,,,,,,,,,,,,,,,,,,,,,,,,,,,,
30,, 0.14062, 0.273809, 0.017389, 0.0339969, 2.351e-05, 3.399e-05,,,,,,,,,,, 0.00073862, 0.00117501, 2.9e-06, 3.92e-06,,,,,,,,,,, 0.00461199, 1.808e-05, 0.00587348, 0.00013042,,,,,,,,, 0.00434963, 9.22e-06, 8.91e-06, 0.0004963, 0.00525973, 0.00011328,,,,,,,,,,,,,,,,,,,,, 1.03e-06,,,,, 1.06e-06,,,,,,,,,,,,,,,,,,,,,,,,,,,,,,,,,,,,,,,,,,
31,, 0.14978, 0.2912, 0.01893, 0.036989, 3.009e-05, 4.346e-05,, 0.00020598,,,,,,,,, 0.00079676, 0.00128631, 3.25e-06, 4.52e-06, 4.92e-06, 8.8e-06,,,,,,,,, 0.00443283, 1.963e-05, 0.00753404, 0.00013759, 1e-08,,,,,,,, 0.00430092, 1.008e-05, 9.73e-06, 0.00064592, 0.00671294, 0.00011951, 1e-08, 1e-08,,,,,,,,,,,,, 5.9e-07, 9.1e-07,,,,, 1.54e-06,,,,, 1.88e-06,,,,,,, 1e-08,,,,,,,,,,,,,,,,,,,,,,,,,,,,,,,,,,,
32,, 0.158539, 0.307699, 0.0204929, 0.0400378, 3.763e-05, 5.428e-05,, 0.0006409,,,,,,,,, 0.00084587, 0.0014228, 3.68e-06, 5.3e-06, 1.483e-05, 2.652e-05,,,,,,,,, 0.00421451, 2.072e-05, 0.00933232, 0.00014444, 5e-08,,,,,,,, 0.00422021, 1.091e-05, 1.05e-05, 0.00080568, 0.00831882, 0.00012486, 2e-08, 2e-08,,,,,,,,,,,,, 2.3e-06, 3.6e-06,,,,, 2.17e-06,,,,, 3.07e-06,,,,,,, 7e-08, 1e-08,,,,,, 1e-07,,,,,,,,,,,,,,,,,,,,,,,,,,,,
33,, 0.16689, 0.323251, 0.022059, 0.0430891, 4.614e-05, 6.645e-05,, 0.0012923,,,,,,,,, 0.00090415, 0.00155206, 4.2e-06, 6.17e-06, 2.924e-05, 5.227e-05,,,,,,,,, 0.00397241, 2.161e-05, 0.011239, 0.00014986, 9e-08,,,,,,,, 0.00416398, 1.162e-05, 1.116e-05, 0.00099023, 0.010009, 0.00013085, 4e-08, 4e-08,,,,,,,,,,,,, 5.4e-06, 8.47e-06,,,,, 3.15e-06,,,,, 4.74e-06,,,,,,, 3.2e-07, 6e-08,,,,,, 4.7e-07,,,,,,,,,,,,,,,,,,,,,,,,,,,,
34,, 0.174701, 0.337942, 0.0236001, 0.0460552, 5.56e-05, 7.997e-05,, 0.00215411,,,,,,,,, 0.00095351, 0.00168825, 4.79e-06, 7.12e-06, 4.808e-05, 8.573e-05,,,,,,,,, 0.00374707, 2.229e-05, 0.0132429, 0.00015517, 1.6e-07,,,,,,,, 0.00408913, 1.224e-05, 1.173e-05, 0.00118331, 0.0118471, 0.00013623, 8e-08, 7e-08,,,,,,,,,,,,, 9.44e-06, 1.48e-05,,,,, 4.59e-06,,,,, 7.16e-06,,,,,,, 9.2e-07, 1.7e-07,,,,,, 1.35e-06,,,,,,,,,,,,,,,,,,,,,,,,,,,,
35,, 0.182072, 0.351534, 0.0251133, 0.0489996, 6.604e-05, 9.482e-05,, 0.00322224,,,,,,,,, 0.00102582, 0.00183441, 5.59e-06, 8.32e-06, 7.286e-05, 0.0001294,,,,,,,,, 0.00355419, 2.287e-05, 0.015354, 0.0001611, 2.5e-07,,,,,,,, 0.00407397, 1.305e-05, 1.248e-05, 0.00140269, 0.0137369, 0.00014365, 1.2e-07, 1.1e-07,,,,,,,,,,,,, 1.436e-05, 2.246e-05,,,,, 6.41e-06,,,,, 1.036e-05,,,,,,, 1.93e-06, 3.6e-07,,,,,, 2.8e-06,,,,,,,,,,,,,,,,,,,,,,,,,,,,
36,, 0.188869, 0.364199, 0.0265729, 0.0518228, 7.747e-05, 0.000111,, 0.00449188,,,,,,,,, 0.00111439, 0.00198218, 6.56e-06, 9.76e-06, 0.0001045, 0.00018471,,,,,,,,, 0.00338438, 2.351e-05, 0.0174919, 0.00016751, 3.7e-07,,,,,,,, 0.00404641, 1.363e-05, 1.301e-05, 0.0016215, 0.015782, 0.00015076, 1.8e-07, 1.7e-07,,,,,,,,,,,,, 1.973e-05, 3.072e-05,,,,, 8.41e-06,,,,, 1.464e-05,,,,,,, 3.61e-06, 6.7e-07,,,,,, 5.27e-06,,,,,,,,,,,,,,,,,,,,,,,,,,,,
37,, 0.195309, 0.375737, 0.0280028, 0.0545866, 8.996e-05, 0.00012864,, 0.00587956,,,,,,,,, 0.0012136, 0.0021472, 7.67e-06, 1.142e-05, 0.00013525, 0.00024004,,,,,,,,, 0.00326826, 2.44e-05, 0.0199178, 0.00017619, 4.9e-07,,,,,,,, 0.00410362, 1.45e-05, 1.381e-05, 0.00188571, 0.0178401, 0.00016131, 2.4e-07, 2.3e-07,,,,,,,,,,,,, 2.517e-05, 3.938e-05,,,,, 1.116e-05,,,,, 2.056e-05,,,,,,, 5.96e-06, 1.1e-06,,,,,, 8.73e-06,,,,,,,,,,,,,,,,,,,,,,,,,,,,
38,, 0.201262, 0.386455, 0.0293724, 0.0572517, 0.00010347, 0.00014764, 0.00380545, 0.00727519,,,,,,,,, 0.0013414, 0.00236111, 9.08e-06, 1.351e-05, 0.00016932, 0.00030026,,,,,,,,, 0.0031983, 2.534e-05, 0.022378, 0.00018738, 6.4e-07,,,,,,,, 0.00416371, 1.541e-05, 1.465e-05, 0.0021335, 0.020061, 0.00017244, 3.1e-07, 3e-07,,,,,,,,,,,,, 3.08e-05, 4.818e-05,,,,, 1.482e-05,,,,, 2.829e-05,,,,,,, 9.08e-06, 1.67e-06,,,,,, 1.25e-05,,,,,,,,,,,,,,,,,,,,,,,,,,,,
39,, 0.206808, 0.396256, 0.0307037, 0.0598234, 0.00011791, 0.00016789, 0.00452636, 0.00871401,, 9.8e-07,,,,,,, 0.0014908, 0.00261029, 1.076e-05, 1.602e-05, 0.00020321, 0.00035871, 5e-08, 8e-08,,,,,,, 0.00312648, 2.625e-05, 0.0248598, 0.00019863, 7.7e-07, 0.00013432,,,,,,, 0.00429921, 1.664e-05, 1.579e-05, 0.0024313, 0.022178, 0.00018734, 3.8e-07, 3.7e-07, 1.303e-05, 0.00011526,,,,,,,,,,, 3.702e-05, 5.763e-05,,,,, 1.928e-05, 1.2e-06,,,, 3.707e-05, 2.5e-07, 2.07e-06,,,,, 1.333e-05, 2.43e-06,,,,,, 1.933e-05,,,,,,,,,,,,,,,,,,,,,,,,,,,,
40,, 0.211871, 0.405451, 0.0319751, 0.0622642, 0.00013329, 0.00018933, 0.00523601, 0.010056, 1.88e-06, 2.66e-06,,,,,,, 0.0016551, 0.0028807, 1.27e-05, 1.891e-05, 0.00023947, 0.0004206, 1.4e-07, 2.1e-07,,,,,,, 0.0031068, 2.759e-05, 0.027292, 0.00021345, 9.3e-07, 0.00034288,,,,,,, 0.00443089, 1.775e-05, 1.678e-05, 0.00268449, 0.0244299, 0.00020288, 4.6e-07, 4.4e-07, 3.345e-05, 0.00029619,,,,,,,,,,, 4.388e-05, 6.793e-05,,,,, 2.436e-05, 4.06e-06,,,, 4.739e-05, 8.5e-07, 7.06e-06,,,,, 2.012e-05, 3.64e-06,,,,,, 2.93e-05,,,,,,,,,,,,,,,,,,,,,,,,,,,,
41,, 0.21674, 0.413889, 0.0331819, 0.0646149, 0.00014962, 0.00021201, 0.00586619, 0.011217, 4.29e-06, 6.01e-06,,,,,,, 0.00183809, 0.00318188, 1.495e-05, 2.227e-05, 0.00027486, 0.00047949, 3.3e-07, 4.9e-07,,,,,,, 0.003072, 2.883e-05, 0.029742, 0.00022782, 1.07e-06, 0.00073484,,,,,,, 0.00461282, 1.911e-05, 1.8e-05, 0.00298892, 0.0265531, 0.00022204, 5.4e-07, 5.2e-07, 7.312e-05, 0.00064498,,,,,,,,,,, 5.112e-05, 7.845e-05,,,,, 2.943e-05, 1.091e-05,,,, 5.686e-05, 2.26e-06, 1.861e-05,,,,, 2.92e-05, 5.23e-06,,,,,, 4.255e-05,,,,,,,,,,,,,,,,,,,,,,,,,,,,
42,, 0.221309, 0.421718, 0.0343589, 0.0668877, 0.00016692, 0.00023604, 0.00634137, 0.0122259, 6.71e-06, 9.39e-06,,,,,,, 0.0020658, 0.0035529, 1.776e-05, 2.646e-05, 0.00032186, 0.00055841, 5.4e-07, 8e-07,,,,,,, 0.00312821, 3.068e-05, 0.0323221, 0.00024753, 1.27e-06, 0.0011115,,,,,,, 0.00480691, 2.042e-05, 1.932e-05, 0.00325261, 0.0288901, 0.00024392, 6.5e-07, 6.2e-07, 0.0001107, 0.00097649,,,,,,,,,,, 5.958e-05, 9.073e-05,,,,, 3.503e-05, 1.969e-05,,,, 6.717e-05, 4.01e-06, 3.308e-05,,,,, 4.125e-05, 7.32e-06,,,,,, 6.005e-05,,,,,,,,,,,,,,,,,,,,,,,,,,,,
43,, 0.225571, 0.428852, 0.0354672, 0.0690254, 0.00018502, 0.00026114, 0.00684274, 0.0131501, 9.79e-06, 1.366e-05,,,,,,, 0.00231551, 0.00395781, 2.101e-05, 3.131e-05, 0.00037386, 0.0006448, 8.3e-07, 1.23e-06,,,,,,, 0.00318252, 3.258e-05, 0.0349882, 0.00026829, 1.5e-06, 0.00157301,,,,,,, 0.00500258, 2.178e-05, 2.065e-05, 0.00352648, 0.0313069, 0.00026728, 7.7e-07, 7.3e-07, 0.00015659, 0.00138169,,,,,,,,,,, 6.892e-05, 0.00010407,,,,, 4.091e-05, 3.23e-05,,,, 7.714e-05, 6.41e-06, 5.293e-05,,,,, 5.687e-05, 1e-05,,,,,, 8.259e-05,,,,,,,,,,,,,,,,,,,,,,,,,,,,
44,, 0.229599, 0.435598, 0.0365518, 0.0710886, 0.00020419, 0.00028729, 0.00715846, 0.0137819, 1.361e-05, 1.893e-05,,,,,,, 0.002612, 0.0044366, 2.496e-05, 3.72e-05, 0.00043486, 0.00074558, 1.22e-06, 1.82e-06,,,,,,, 0.00323479, 3.454e-05, 0.0376879, 0.00029012, 1.75e-06, 0.00211849,,,,,,, 0.0051999, 2.319e-05, 2.194e-05, 0.0038098, 0.033806, 0.00029217, 9e-07, 8.6e-07, 0.00021142, 0.0018653,,,,,,,,,,, 7.784e-05, 0.0001165,,,,, 4.684e-05, 4.922e-05,,,, 8.677e-05, 9.54e-06, 7.872e-05,,,,, 7.564e-05, 1.318e-05,,,,,, 0.00011075,,,,,,,,,,,,,,,,,,,,,,,,,,,,
45,, 0.23332, 0.441689, 0.0375619, 0.0730379, 0.00022413, 0.0003146, 0.00747039, 0.014428, 1.821e-05, 2.527e-05,,,,,,, 0.00298569, 0.00503658, 2.998e-05, 4.471e-05, 0.00051047, 0.00086956, 1.77e-06, 2.64e-06,,,,,,, 0.00328632, 3.656e-05, 0.0405713, 0.00031313, 2.04e-06, 0.00276402,,,,,,, 0.00539871, 2.464e-05, 2.328e-05, 0.00409921, 0.0363911, 0.00031865, 1.04e-06, 9.9e-07, 0.00027547, 0.0024298,,,,,,,,,,, 8.503e-05, 0.00012605,,,,, 5.394e-05, 7.249e-05,,,, 9.679e-05, 1.352e-05, 0.00011146,,,,, 9.746e-05, 1.682e-05,,,,,, 0.00013985,,,,,,,,,,,,,,,,,,,,,,,,,,,,
46,, 0.23674, 0.447191, 0.0385201, 0.0748661, 0.0002449, 0.00034267, 0.00778411, 0.015084, 2.439e-05, 3.354e-05,,,,,,, 0.0035942, 0.00602259, 3.79e-05, 5.651e-05, 0.00062372, 0.001054, 2.71e-06, 4.02e-06,,,,,,, 0.0033573, 3.862e-05, 0.043451, 0.00033706, 2.32e-06, 0.0036122,,,,,,, 0.00559771, 2.614e-05, 2.465e-05, 0.00439151, 0.0389871, 0.0003467, 1.19e-06, 1.13e-06, 0.00035977, 0.00315361,,,,,,,,,,, 9.52e-05, 0.0001395,,,,, 5.888e-05, 0.00010134,,,, 0.00010292, 1.831e-05, 0.00014992,,,,, 0.00012713, 2.169e-05,,,,,, 0.00018094,,,,,,,,,,,,,,,,,,,,,,,,,,,,
47,, 0.24001, 0.452271, 0.039435, 0.0766271, 0.00026654, 0.00037192, 0.00801611, 0.015501, 3.003e-05, 4.14e-05,,,,,,, 0.0046386, 0.00771881, 5.127e-05, 7.647e-05, 0.00082945, 0.0013938, 4.09e-06, 6.1e-06,,,,,,, 0.0034368, 4.073e-05, 0.046505, 0.00036216, 2.68e-06, 0.0043469,, 8.59e-06,,,,, 0.00580057, 2.771e-05, 2.608e-05, 0.00471305, 0.0418065, 0.00037659, 1.37e-06, 1.31e-06, 0.00043348, 0.00381994,,, 1.072e-05,,,,,,,, 0.00010708, 0.00015555,,,,, 6.339e-05, 0.00012779,,,, 0.00010966, 2.272e-05, 0.0001868, 3.59e-06,,,, 0.00016265, 2.748e-05,,,,,, 0.00023103,,,,,,,,,,,,,,,,,,,,,,,,,,,,
48,, 0.243038, 0.456837, 0.0403067, 0.0782974, 0.00028899, 0.00040224, 0.00820524, 0.0159199, 3.607e-05, 4.969e-05,,,,,,, 0.00645791, 0.010667, 7.472e-05, 0.00011145, 0.0011901, 0.0019898, 6.52e-06, 9.76e-06,,,,,,, 0.00351722, 4.292e-05, 0.0499682, 0.00038863, 3.12e-06, 0.00514243,, 2.273e-05,,,,, 0.00600518, 2.932e-05, 2.755e-05, 0.00504698, 0.0447809, 0.00040828, 1.59e-06, 1.51e-06, 0.00051025, 0.00451149,,, 2.852e-05,,,,,,,, 0.00012008, 0.00017282,,,,, 6.706e-05, 0.00015399,,,, 0.00011685, 2.742e-05, 0.00022591, 9.3e-06,,,, 0.00020424, 3.42e-05,,,,,, 0.00029207,,,,,,,,,,,,,,,,,,,,,,,,,,,,
49,, 0.245699, 0.460909, 0.0411269, 0.0798527, 0.00031229, 0.00043333, 0.00839467, 0.0163419, 4.27e-05, 5.881e-05,,,,,,, 0.0102851, 0.0168651, 0.00012442, 0.00018564, 0.00195251, 0.00324772, 1.175e-05, 1.765e-05, 1.654e-05, 2.539e-05,,,,, 0.00359692, 4.516e-05, 0.0535573, 0.00041634, 3.61e-06, 0.00600883,, 3.088e-05, 3e-08,,,, 0.00621202, 3.099e-05, 2.908e-05, 0.00539872, 0.0478882, 0.00044186, 1.83e-06, 1.74e-06, 0.0005942, 0.00526492,,, 3.905e-05, 2e-08, 1e-08,,,,,, 0.00013811, 0.00019706,,,,, 6.68e-05, 0.00017232,,,, 0.00012575, 3.296e-05, 0.00027198, 1.252e-05,,,, 0.00024661, 4.091e-05,, 2.02e-06,,,, 0.00036585,,, 2.77e-06,,,,,,,,,,,,,,,,,,,,,,,,,
50,, 0.248181, 0.464342, 0.0418921, 0.0813413, 0.00033621, 0.00046514, 0.00858463, 0.0167661, 4.975e-05, 6.841e-05,,,,,,, 0.0109711, 0.0178552, 0.00013864, 0.00020691, 0.00214322, 0.00354693, 1.399e-05, 2.108e-05, 4.901e-05, 7.628e-05,,,,, 0.0036763, 4.747e-05, 0.0573491, 0.00044535, 4.17e-06, 0.00692291,, 3.806e-05, 9e-08,,,, 0.00642092, 3.271e-05, 3.064e-05, 0.00576902, 0.0511512, 0.00047737, 2.1e-06, 2e-06, 0.00068239, 0.00605732,,, 4.85e-05, 5e-08, 4e-08,,,,,, 0.00014872, 0.00021015,,,,, 7.117e-05, 0.00020276,,,, 0.00013385, 3.849e-05, 0.00031778, 1.514e-05,,,, 0.00029855, 4.908e-05,, 6.58e-06,,,, 0.00044557,,, 9.23e-06,,,,,,,,,,,,,,,,,,,,,,,,,
51,, 0.25043, 0.46735, 0.042606, 0.082664, 0.00036086, 0.00049769, 0.0087744, 0.017192, 5.717e-05, 7.845e-05,,,,,,, 0.011694, 0.0188821, 0.00015418, 0.00023011, 0.00234711, 0.00386191, 1.647e-05, 2.487e-05, 9.69e-05, 0.0001516,,,,, 0.00375579, 4.985e-05, 0.0614489, 0.00047573, 4.81e-06, 0.00790419,, 4.536e-05, 1.9e-07,,,, 0.00663168, 3.449e-05, 3.226e-05, 0.00615498, 0.0545798, 0.00051491, 2.4e-06, 2.3e-06, 0.00077493, 0.00688898,,, 5.813e-05, 1e-07, 9e-08,,,,,, 0.00016053, 0.00022479,,,,, 7.528e-05, 0.00023346,,,, 0.00014185, 4.418e-05, 0.00036493, 1.761e-05,,,, 0.00035586, 5.795e-05,, 1.413e-05,,,, 0.00053467,,, 2.015e-05,,,,,,,,,,,,,,,,,,,,,,,,,
52,, 0.25244, 0.46994, 0.043271, 0.08392, 0.00038615, 0.00053098, 0.0089646, 0.017619, 6.5e-05, 8.9e-05,,,,,,, 0.0124479, 0.0199389, 0.00017107, 0.00025546, 0.00256269, 0.00419368, 1.919e-05, 2.904e-05, 0.00016113, 0.00025205,,,,, 0.00383474, 5.229e-05, 0.0657057, 0.00050745, 5.52e-06, 0.00893779,, 5.297e-05, 3.3e-07,,,, 0.00684445, 3.633e-05, 3.392e-05, 0.00656145, 0.0581756, 0.00055453, 2.74e-06, 2.63e-06, 0.00087193, 0.00776024,,, 6.832e-05, 1.7e-07, 1.6e-07,,,,,, 0.00017693, 0.00024528,,,,, 7.773e-05, 0.00025974,,,, 0.00015008, 5.008e-05, 0.00041358, 2.007e-05,,,, 0.00041804, 6.741e-05,, 2.52e-05,,,, 0.00063544,,, 3.659e-05,,,,,,,,,,,,,,,,,,,,,,,,,
53,, 0.254309, 0.472118, 0.0439088, 0.0851518, 0.00041225, 0.00056506, 0.00915608, 0.0179119, 7.322e-05, 0.00010007,,,,,,, 0.0131549, 0.0208889, 0.00018827, 0.00028121, 0.00277369, 0.00451118, 2.204e-05, 3.343e-05, 0.00024169, 0.00037713,,,,, 0.00392489, 5.501e-05, 0.0702248, 0.00054051, 6.32e-06, 0.010036,, 6.106e-05, 5.3e-07,,,, 0.00705936, 3.822e-05, 3.564e-05, 0.00698696, 0.0619426, 0.0005963, 3.12e-06, 2.99e-06, 0.00097401, 0.00867595,,, 7.925e-05, 2.7e-07, 2.5e-07,,,,,, 0.00019755, 0.00027096,,,,, 7.637e-05, 0.00027248,,,, 0.00016034, 5.681e-05, 0.00046893, 2.282e-05,,,, 0.00047702, 7.616e-05,, 3.974e-05,,,, 0.00075434,,, 6.017e-05,,,,,,,,,,,,,,,,,,,,,,,,,
54,, 0.255988, 0.474077, 0.0445027, 0.0862775, 0.00043898, 0.0005995, 0.00933064, 0.0181979, 8.183e-05, 0.00011154,,,,,,, 0.0138829, 0.0218758, 0.00020684, 0.00030878, 0.00299258, 0.00483886, 2.516e-05, 3.821e-05, 0.00034015, 0.00052827,,,,, 0.00402949, 5.825e-05, 0.0749118, 0.00057489, 7.2e-06, 0.011183,, 6.9e-05, 7.9e-07,,,, 0.0072763, 4.017e-05, 3.74e-05, 0.0074332, 0.065879, 0.00064105, 3.54e-06, 3.39e-06, 0.001081, 0.00963998,,, 9.026e-05, 4e-07, 3.7e-07,,,,,, 0.00022795, 0.00030925,,,,, 7.029e-05, 0.00026571,,,, 0.00016676, 6.229e-05, 0.00051379, 2.493e-05,,,, 0.00054104, 8.549e-05,, 5.864e-05,,,, 0.00089547,,, 9.302e-05,,,,,,,,,,,,,,,,,,,,,,,,,
55,, 0.25759, 0.475711, 0.0450681, 0.0873561, 0.00046639, 0.00063515, 0.00948262, 0.018483, 9.093e-05, 0.00012361,,,,,,, 0.0147019, 0.0229628, 0.00022768, 0.00034012, 0.00323707, 0.00520245, 2.867e-05, 4.367e-05, 0.00042893, 0.00067475,,,,, 0.00413494, 6.161e-05, 0.0798698, 0.00061077, 8.19e-06, 0.0124211,, 7.78e-05, 1.06e-06,,,, 0.00749529, 4.218e-05, 3.921e-05, 0.00789869, 0.0699779, 0.00069075, 3.99e-06, 3.84e-06, 0.0011945, 0.010664,,, 0.00010254, 5.3e-07, 5e-07,,,,,, 0.00024318, 0.00032631,,,,, 7.613e-05, 0.00030342, 1.206e-05,,, 0.00017009, 6.668e-05, 0.00054976, 2.673e-05,,,, 0.00064453, 0.00010078,, 8.117e-05,,,, 0.00102306,,, 0.00012586,,,,,, 8.12e-06,,, 5.13e-06,,,,,,,,,,,,,,,,
56,, 0.259109, 0.477119, 0.0455999, 0.0883548, 0.00049454, 0.00067125, 0.00963368, 0.018767, 0.00010047, 0.00013626,,,,,,, 0.015572, 0.024099, 0.00025049, 0.00037421, 0.0034993, 0.00558689, 3.257e-05, 4.971e-05, 0.00051829, 0.00081627,,,,, 0.00424138, 6.511e-05, 0.0852395, 0.00064822, 9.31e-06, 0.0137659,, 8.754e-05, 1.36e-06,,,, 0.00771684, 4.425e-05, 4.108e-05, 0.00838245, 0.0742514, 0.00074329, 4.5e-06, 4.33e-06, 0.00131391, 0.0117411,,, 0.00011622, 6.6e-07, 6.3e-07,,,,,, 0.0002604, 0.0003455,,,,, 7.935e-05, 0.00033173, 1.318e-05,,, 0.00017858, 7.301e-05, 0.00060156, 2.942e-05,,,, 0.00074541, 0.0001153,, 0.00010464,,,, 0.00117582,,, 0.00016239,,,,,, 1.017e-05,,, 6.6e-06,,,,,,,,,,,,,,,,
57,, 0.26046, 0.478351, 0.0461051, 0.0893241, 0.0005233, 0.00070781, 0.00978351, 0.019047, 0.00011046, 0.00014938,,,,,,, 0.0165301, 0.0253612, 0.00027612, 0.0004127, 0.00378713, 0.00600664, 3.695e-05, 5.65e-05, 0.00056246, 0.00087776,,,,, 0.00435239, 6.879e-05, 0.0906868, 0.00068782, 1.054e-05, 0.015154,, 9.694e-05, 1.68e-06,,,, 0.00794728, 4.642e-05, 4.303e-05, 0.00888689, 0.0787038, 0.00079945, 5.05e-06, 4.88e-06, 0.00143911, 0.0128741,,, 0.00012952, 8.1e-07, 7.6e-07,,,,,, 0.00028159, 0.00036926,,,,, 8.2e-05, 0.00035773, 1.401e-05,,, 0.00018764, 7.969e-05, 0.00065599, 3.204e-05,,,, 0.0008341, 0.00012765,, 0.00012518,,,, 0.00137315,,, 0.00020289,,,,,, 1.259e-05,,, 8.21e-06,,,,,,,,,,,,,,,,
58,, 0.261771, 0.479371, 0.0465951, 0.0902803, 0.00055403, 0.00074676, 0.00991953, 0.0193001, 0.0001165, 0.00015678, 0.0016725,,,,,, 0.0175251, 0.0266202, 0.00030359, 0.0004538, 0.00400893, 0.00629864, 4.018e-05, 6.148e-05, 0.00058897, 0.00090921,,,,, 0.00445537, 7.248e-05, 0.0974613, 0.00072765, 1.177e-05, 0.0161809, 1.66e-06, 0.00010628, 2.07e-06,,,, 0.00816369, 4.856e-05, 4.495e-05, 0.00946468, 0.0838199, 0.00085701, 5.59e-06, 5.39e-06, 0.0015207, 0.013592, 2.5e-07, 1.45e-06, 0.00014363, 9.8e-07, 8.9e-07,,,,,, 0.00029664, 0.00038272, 5.602e-05,,,, 8.756e-05, 0.00038723, 1.493e-05,,, 0.00020265, 8.69e-05, 0.00071306, 3.464e-05,,,, 0.00088431, 0.00013339, 6.871e-05, 0.00013925,,,, 0.00148875, 5.33e-06, 0.00010426, 0.00023365,, 8.07e-06,,,, 1.445e-05,,, 9.92e-06,,,, 3.79e-06,,,,,,,,,,,,
59,, 0.26297, 0.480249, 0.0470639, 0.0911188, 0.00058464, 0.00078506, 0.010062, 0.019564, 0.00012452, 0.000167, 0.0018074,,,,,, 0.0185309, 0.0278659, 0.00033283, 0.00049765, 0.00426949, 0.00664918, 4.432e-05, 6.789e-05, 0.00062208, 0.00095033,,,,, 0.00456331, 7.667e-05, 0.10415, 0.00076978, 1.317e-05, 0.01747, 3.03e-06, 0.00011642, 2.48e-06,,,, 0.00839009, 5.08e-05, 4.697e-05, 0.010044, 0.0889339, 0.00091848, 6.2e-06, 5.98e-06, 0.0016279, 0.014551, 4.6e-07, 2.62e-06, 0.00015876, 1.17e-06, 1.04e-06,,,,,, 0.00031611, 0.00040173, 6.29e-05,,,, 9.211e-05, 0.00041658, 1.587e-05,,, 0.00021501, 9.392e-05, 0.00076903, 3.733e-05,,,, 0.00097225, 0.00014388, 0.00010765, 0.00015802,,,, 0.00165709, 8.69e-06, 0.00016974, 0.00027492,, 8.88e-06,,,, 1.67e-05,,, 1.176e-05,,,, 5.09e-06,,,,,,,,,,,,
60,, 0.264102, 0.480963, 0.0475113, 0.0919384, 0.00061607, 0.00082412, 0.0102021, 0.0198271, 0.0001327, 0.00017724, 0.00191541,,,,,, 0.0195529, 0.0291289, 0.00036417, 0.00054451, 0.00453448, 0.00700107, 4.87e-05, 7.47e-05, 0.00065462, 0.0009894,,,,, 0.00467154, 8.16e-05, 0.111179, 0.00081349, 1.471e-05, 0.0188168, 4.83e-06, 0.00012733, 2.93e-06,,,, 0.00861846, 5.311e-05, 4.903e-05, 0.0106491, 0.0942566, 0.00098321, 6.86e-06, 6.62e-06, 0.00173821, 0.0155401, 7.3e-07, 4.16e-06, 0.00017223, 1.37e-06, 1.21e-06,,,,,, 0.00033112, 0.00041429, 6.904e-05,,,, 9.639e-05, 0.0004451, 1.678e-05,,, 0.0002295, 0.00010185, 0.00083197, 4.04e-05,,,, 0.00105504, 0.00015253, 0.00016903, 0.00017602,,,, 0.00180887, 1.417e-05, 0.00027615, 0.00031642,, 9.47e-06,,,, 1.883e-05,,, 1.403e-05,,,, 6.43e-06,,,,,,,,,,,,
61,, 0.26528, 0.48137, 0.047918, 0.09273, 0.00064842, 0.00086443, 0.010343, 0.020089, 0.00014108, 0.00018769, 0.0020279,,,,,, 0.0206102, 0.0304012, 0.0003975, 0.00059434, 0.00480574, 0.00735056, 5.335e-05, 8.193e-05, 0.00068683, 0.00102631,,,,, 0.00478025, 8.676e-05, 0.118501, 0.00085886, 1.638e-05, 0.0202152, 7.14e-06, 0.00013849, 3.4e-06,,,, 0.008849, 5.586e-05, 5.115e-05, 0.011279, 0.099802, 0.0010513, 7.57e-06, 7.31e-06, 0.0018517, 0.016558, 1.07e-06, 6.12e-06, 0.0001866, 1.58e-06, 1.37e-06,,,,,, 0.00035355, 0.00043536, 7.607e-05,,,, 0.00010024, 0.00047103, 1.761e-05,,, 0.00024067, 0.00010828, 0.00088223, 4.291e-05,,,, 0.00114228, 0.00016174, 0.00026995, 0.00019486,,,, 0.00190297, 2.299e-05, 0.00044706, 0.00035369,, 9.17e-06,,,, 2.096e-05,,, 1.631e-05,,,, 7.81e-06,,,,,,,,,,,,
62,, 0.266251, 0.481921, 0.0482941, 0.0934372, 0.00068078, 0.00090428, 0.010473, 0.020331, 0.00014947, 0.00019803, 0.0021139,,,,,, 0.0217351, 0.0317062, 0.00043375, 0.00064876, 0.00509003, 0.00771405, 5.84e-05, 8.978e-05, 0.00072013, 0.00106361,,,,, 0.00491137, 9.214e-05, 0.126459, 0.00090588, 1.825e-05, 0.0217149, 1.007e-05, 0.00014856, 3.9e-06,,,, 0.00908095, 5.874e-05, 5.369e-05, 0.0119329, 0.105569, 0.00112269, 8.34e-06, 8.05e-06, 0.00196849, 0.0176049, 1.5e-06, 8.59e-06, 0.00020187, 1.8e-06, 1.56e-06,,,,,, 0.00038276, 0.00046343, 8.446e-05,,,, 0.00010421, 0.00049771, 1.847e-05,,, 0.00025533, 0.00011626, 0.0009448, 4.591e-05,,,, 0.00118431, 0.00016276, 0.0004083, 0.0002066,,,, 0.00197442, 3.573e-05, 0.00069385, 0.00038625,, 9.93e-06,,,, 2.302e-05,,, 1.876e-05,,,, 9.02e-06,,,,,,,,,,,,
63,, 0.26733, 0.48213, 0.048663, 0.094149, 0.00071418, 0.00094502, 0.010602, 0.020569, 0.00015808, 0.00020855, 0.0021898,,,,,, 0.0227671, 0.0328561, 0.00046984, 0.00070298, 0.00535512, 0.00803462, 6.343e-05, 9.762e-05, 0.00074948, 0.0010939,,,,, 0.00504328, 9.775e-05, 0.134449, 0.00095456, 2.021e-05, 0.0232319, 1.387e-05, 0.00015917, 4.45e-06,,,, 0.00931463, 6.171e-05, 5.642e-05, 0.01261, 0.11153, 0.0011977, 9.16e-06, 8.86e-06, 0.00209041, 0.0186861, 2.02e-06, 1.156e-05, 0.00021812, 2.04e-06, 1.76e-06,,,,,, 0.0004153, 0.00049417, 9.379e-05,,,, 0.00010764, 0.00052137, 1.923e-05,,, 0.00027151, 0.00012484, 0.00101197, 4.895e-05,,,, 0.00119238, 0.00016013, 0.0006027, 0.00021197,,,, 0.00196802, 5.419e-05, 0.00105073, 0.00040776,, 1.067e-05,,,, 2.509e-05,,, 2.144e-05,,,, 9.95e-06,,,,,,,,,,,,
64,, 0.26822, 0.48224, 0.049006, 0.0947868, 0.00074761, 0.00098499, 0.010769, 0.020904, 0.00016847, 0.00022141, 0.002268, 0.0046737,,,,, 0.0239379, 0.0341518, 0.00051066, 0.00076406, 0.00567896, 0.00844465, 6.978e-05, 0.00010757, 0.00078443, 0.00113049,,,,, 0.00518024, 0.00010464, 0.142311, 0.00100571, 2.241e-05, 0.0249912, 1.856e-05, 0.00017046, 4.98e-06,,,, 0.00955798, 6.483e-05, 5.928e-05, 0.013289, 0.11753, 0.0012774, 1.007e-05, 9.76e-06, 0.00223329, 0.019982, 2.66e-06, 1.53e-05, 0.00023557, 2.28e-06, 1.97e-06,,,,,, 0.00044028, 0.00051533, 0.00010088, 0.00011087,,, 0.0001111, 0.00054867, 2.019e-05,,, 0.00028765, 0.00013437, 0.00108742, 5.26e-05,,,, 0.00117784, 0.00015302, 0.00084912, 0.00021332, 2.851e-05,,, 0.00190455, 7.761e-05, 0.00150295, 0.00040978,, 1.156e-05, 8.9e-06,,, 2.771e-05,,, 2.423e-05,,,, 1.062e-05, 1.7e-06,,, 1.897e-05,,,,,,,,
65,, 0.26919, 0.48248, 0.049349, 0.0954509, 0.00078268, 0.0010271, 0.010829, 0.020988, 0.00017564, 0.00022969, 0.0023238, 0.0048043,,,,, 0.025177, 0.035521, 0.00055512, 0.0008307, 0.0059649, 0.00876939, 7.523e-05, 0.00011602, 0.00081758, 0.0011636,,,,, 0.00530998, 0.00011184, 0.15142, 0.001057, 2.466e-05, 0.0264439, 2.405e-05, 0.00018208, 5.55e-06,,,, 0.00982756, 6.793e-05, 6.213e-05, 0.014034, 0.12408, 0.0013584, 1.098e-05, 1.063e-05, 0.00234109, 0.0209389, 3.43e-06, 1.965e-05, 0.00025364, 2.53e-06, 2.17e-06,,,,,, 0.00047864, 0.00054913, 0.00010936, 0.00011818,,, 0.00011512, 0.00057026, 2.083e-05,,, 0.00031265, 0.00014606, 0.00117826, 5.658e-05,,,, 0.0010875, 0.00013789, 0.00111883, 0.00020139, 2.632e-05,,, 0.00179467, 0.00010722, 0.00207469, 0.00040698,, 1.237e-05, 9.23e-06,,, 2.863e-05,,, 2.689e-05,,,, 1.074e-05, 1.7e-06,,, 2.053e-05,,,,,,,,
66,, 0.27004, 0.48259, 0.04967, 0.096017, 0.00081783, 0.0010689, 0.010933, 0.021179, 0.00018463, 0.00024037, 0.0023808, 0.0049381,,,,, 0.0262327, 0.0365676, 0.00059722, 0.00089396, 0.00623213, 0.0090669, 8.106e-05, 0.00012517, 0.00084567, 0.00118769,,,,, 0.00544567, 0.00011951, 0.160749, 0.00111119, 2.721e-05, 0.0281968, 3.048e-05, 0.00019444, 6.11e-06,,,, 0.010108, 7.118e-05, 6.511e-05, 0.01478, 0.13064, 0.0014445, 1.199e-05, 1.162e-05, 0.00247241, 0.0221091, 4.33e-06, 2.456e-05, 0.00027299, 2.79e-06, 2.37e-06,,,,,, 0.00052651, 0.00059262, 0.00012098, 0.00012689,,, 0.00011793, 0.00058983, 2.148e-05,,, 0.0003341, 0.00015709, 0.00126275, 6.049e-05,,,, 0.00101231, 0.0001252, 0.00144874, 0.00019161, 2.411e-05,,, 0.00163233, 0.00014025, 0.002712, 0.0003865,, 1.335e-05, 9.68e-06,,, 3.039e-05,,, 3.001e-05,,,, 1.077e-05, 1.69e-06,,, 2.005e-05,,,,,,,,
67,, 0.270679, 0.482087, 0.0499337, 0.0965175, 0.00085284, 0.00111029, 0.0110229, 0.0213439, 0.00019363, 0.00025092, 0.00243829, 0.00507127,,,,, 0.027578, 0.037978, 0.00064811, 0.00097015, 0.00657069, 0.00945579, 8.809e-05, 0.00013621, 0.00088261, 0.0012225,,,,, 0.00558209, 0.00012757, 0.17, 0.001167, 2.99e-05, 0.0299479, 3.808e-05, 0.00020742, 6.67e-06,,,, 0.0103919, 7.463e-05, 6.819e-05, 0.0155479, 0.137399, 0.00153739, 1.306e-05, 1.267e-05, 0.00260558, 0.0233078, 5.37e-06, 3.056e-05, 0.00029348, 3e-06, 2.58e-06,,,,,, 0.00056098, 0.00061909, 0.00012864, 0.00013192,,, 0.00012198, 0.00061513, 2.234e-05,,, 0.00035695, 0.00016862, 0.00135176, 6.462e-05,,,, 0.00092587, 0.00011116, 0.00180839, 0.00018084, 2.189e-05,,, 0.00146741, 0.00017449, 0.00337313, 0.0003549,, 1.431e-05, 1.007e-05,,, 3.211e-05,,, 3.3e-05,,,, 1.076e-05, 1.67e-06,,, 1.953e-05,,,,,,,,
68,, 0.271691, 0.482122, 0.0502172, 0.0970586, 0.00088931, 0.00115261, 0.0111171, 0.0215141, 0.00020294, 0.0002618, 0.00247651, 0.00513622,,,,, 0.028847, 0.039247, 0.00069984, 0.0010476, 0.0068937, 0.00980791, 9.525e-05, 0.00014745, 0.00091685, 0.0012527,,,,, 0.00571951, 0.00013692, 0.17962, 0.0012246, 3.275e-05, 0.0317611, 4.622e-05, 0.00022051, 7.27e-06,,,, 0.0106781, 7.874e-05, 7.157e-05, 0.0163411, 0.144331, 0.00163601, 1.42e-05, 1.379e-05, 0.00274402, 0.0245452, 6.65e-06, 3.729e-05, 0.00031517, 3.22e-06, 2.81e-06,,,,,, 0.00060593, 0.00065512, 0.00013767, 0.00013906,,, 0.00012543, 0.00063683, 2.308e-05,,, 0.00038169, 0.000181, 0.0014465, 6.905e-05,,,, 0.00081899, 9.624e-05, 0.00214141, 0.00016511, 1.937e-05,,, 0.00131907, 0.00021246, 0.00410792, 0.00033142,, 1.536e-05, 1.044e-05,,, 3.295e-05,,, 3.643e-05,,,, 1.062e-05, 1.63e-06,,, 1.929e-05,,,,,,,,
69,, 0.272659, 0.482018, 0.0505098, 0.0976196, 0.00092645, 0.0011956, 0.011212, 0.0216849, 0.00021247, 0.00027266, 0.00250829, 0.00520078,,,,, 0.0263861, 0.0354291, 0.00066007, 0.00098821, 0.00631962, 0.00888662, 8.995e-05, 0.00013931, 0.00083241, 0.0011215,,,,, 0.0058581, 0.00014745, 0.1894, 0.0012842, 3.585e-05, 0.033639, 5.592e-05, 0.00023376, 7.92e-06,,,, 0.010968, 8.3e-05, 7.545e-05, 0.017151, 0.15146, 0.0017393, 1.54e-05, 1.498e-05, 0.0028846, 0.025796, 8.08e-06, 4.538e-05, 0.00033811, 3.45e-06, 3.05e-06,,,,,, 0.00065449, 0.000693, 0.00014738, 0.00014665,,, 0.00012837, 0.00065509, 2.372e-05,,, 0.00040922, 0.00019456, 0.00154973, 7.39e-05,,,, 0.00074213, 8.538e-05, 0.00250503, 0.00015345, 1.756e-05,,, 0.00119179, 0.0002478, 0.00479424, 0.00030838,, 1.633e-05, 1.068e-05,,, 3.438e-05,,, 3.969e-05,,,, 1.079e-05, 1.64e-06,,, 1.931e-05,,,,,,,,
70,, 0.27349, 0.481949, 0.0507949, 0.0981499, 0.00096431, 0.0012387, 0.011298, 0.021853, 0.0002221, 0.00028376, 0.00254, 0.00526539,,,,, 0.0227581, 0.0301641, 0.00058704, 0.00087919, 0.00546421, 0.00759292, 8.007e-05, 0.00012419, 0.00071323, 0.00094622,,,,, 0.00600413, 0.00015861, 0.199491, 0.00134571, 3.912e-05, 0.0355452, 6.631e-05, 0.00024759, 8.59e-06,,,, 0.0112631, 8.742e-05, 7.948e-05, 0.0179861, 0.158741, 0.00184731, 1.669e-05, 1.625e-05, 0.00302842, 0.0271002, 9.73e-06, 5.453e-05, 0.00036233, 3.7e-06, 3.32e-06,,,,,, 0.00070644, 0.00073183, 0.00015767, 0.00015458,,, 0.00013344, 0.00068395, 2.475e-05,,, 0.00043776, 0.00020844, 0.00165582, 7.89e-05,,,, 0.00068061, 7.668e-05, 0.00286894, 0.00014428, 1.611e-05,,, 0.00108442, 0.00028269, 0.00547451, 0.00028419,, 1.743e-05, 1.098e-05,,, 3.569e-05,,, 4.287e-05,,,, 1.108e-05, 1.67e-06,,, 1.968e-05,,,,,,,,
71,, 0.274342, 0.481734, 0.0510464, 0.0986287, 0.00100211, 0.00128131, 0.0114131, 0.0220662, 0.00023334, 0.00029673, 0.00257262, 0.00533144,,,,, 0.0235998, 0.0308577, 0.0006272, 0.00093917, 0.00569505, 0.00782273, 8.629e-05, 0.00013402, 0.00077935, 0.00102859, 3.6e-07,,,, 0.00618993, 0.00017041, 0.209871, 0.00140901, 4.279e-05, 0.0377672, 7.767e-05, 0.00026199, 9.24e-06, 0.00016555,,, 0.0115589, 9.202e-05, 8.366e-05, 0.0187928, 0.165949, 0.00196038, 1.805e-05, 1.763e-05, 0.00319057, 0.0285578, 1.138e-05, 6.386e-05, 0.0003879, 3.96e-06, 3.6e-06, 1.389e-05,,,,, 0.00078623, 0.0007973, 0.00017521, 0.00016929,,, 0.00012651, 0.00065328, 2.372e-05, 3.24e-06,, 0.00047441, 0.000227, 0.00179831, 8.597e-05, 1.08e-06, 8.07e-06,, 0.00061681, 6.808e-05, 0.00314926, 0.000134, 1.471e-05,,, 0.00102217, 0.00032155, 0.00623469, 0.00027128,, 1.866e-05, 1.134e-05,,, 3.713e-05,,, 4.653e-05,,,, 1.191e-05, 1.77e-06,,, 1.988e-05,,,,,,,,
72,, 0.275178, 0.481456, 0.0512545, 0.099064, 0.00103999, 0.00132379, 0.0115269, 0.0223138, 0.00024503, 0.00031036, 0.00260488, 0.00539725, 2.71e-06,,,, 0.0240397, 0.0309926, 0.00065812, 0.00098514, 0.00583323, 0.00792311, 9.13e-05, 0.00014208, 0.00083458, 0.00109269, 9.3e-07,,,, 0.00637811, 0.00018288, 0.21966, 0.0014741, 4.659e-05, 0.0399631, 8.99e-05, 0.00027698, 9.93e-06, 0.00042695,,, 0.011859, 9.678e-05, 8.8e-05, 0.019623, 0.17316, 0.0020806, 1.951e-05, 1.909e-05, 0.0033594, 0.030091, 1.319e-05, 7.405e-05, 0.00041487, 4.24e-06, 3.9e-06, 3.56e-05,,,,, 0.00083082, 0.00082426, 0.00018481, 0.00017604,,, 0.00011247, 0.0005849, 2.133e-05, 7.1e-06,, 0.00051816, 0.00024909, 0.00196913, 9.458e-05, 2.89e-06, 2.19e-05,, 0.00056, 6.057e-05, 0.00336256, 0.00012465, 1.345e-05,,, 0.00100274, 0.00036361, 0.00706239, 0.00026804,, 2.003e-05, 1.173e-05,,, 3.829e-05, 2.7e-07,, 5.121e-05, 1.6e-07,,, 1.259e-05, 1.85e-06,,, 2.095e-05,,,,,,,,
73,, 0.276031, 0.481061, 0.0514862, 0.0994843, 0.0010784, 0.0013665, 0.011643, 0.0225561, 0.00025726, 0.00032437, 0.00263731, 0.00544342, 4.94e-06,,,, 0.02344, 0.0297879, 0.00066054, 0.0009896, 0.00572079, 0.00768129, 9.253e-05, 0.00014425, 0.00085237, 0.0011066, 1.64e-06,,,, 0.00656906, 0.00019719, 0.229549, 0.00154129, 5.064e-05, 0.0422357, 0.00010317, 0.00029259, 1.066e-05, 0.00078149,,, 0.0121621, 0.00010171, 9.249e-05, 0.0204401, 0.180451, 0.00220741, 2.103e-05, 2.065e-05, 0.00353282, 0.0316682, 1.516e-05, 8.515e-05, 0.00044327, 4.53e-06, 4.22e-06, 6.48e-05,,,,, 0.0009076, 0.00088021, 0.00020133, 0.0001892,,, 8.988e-05, 0.00047033, 1.729e-05, 9.92e-06,, 0.00057269, 0.00027643, 0.00217968, 0.00010534, 5.57e-06, 4.237e-05,, 0.00048854, 5.179e-05, 0.00333427, 0.00011137, 1.181e-05,,, 0.00100636, 0.00041891, 0.00814793, 0.00027082,, 2.155e-05, 1.216e-05,,, 3.33e-05, 4.7e-07,, 5.519e-05, 3.3e-07,,, 1.265e-05, 1.84e-06,,, 2.234e-05,,,,,,,,
74,, 0.276548, 0.480107, 0.0516247, 0.0997644, 0.00111609, 0.00140749, 0.0117459, 0.0227829, 0.0002695, 0.00033831, 0.00266968, 0.00546957, 7.68e-06,,,, 0.0226771, 0.0283871, 0.00065812, 0.00098486, 0.00556691, 0.00738562, 9.306e-05, 0.00014527, 0.00086202, 0.0011078, 2.47e-06,,,, 0.0067629, 0.00021197, 0.23939, 0.0016106, 5.488e-05, 0.044553, 0.00011747, 0.00030885, 1.142e-05, 0.0012205,,, 0.012527, 0.00010722, 9.713e-05, 0.021273, 0.1877, 0.0023379, 2.262e-05, 2.231e-05, 0.00371129, 0.0332849, 1.731e-05, 9.72e-05, 0.00047308, 4.84e-06, 4.56e-06, 0.00010166,,,,, 0.00095716, 0.00090762, 0.0002116, 0.00019639,,, 7.914e-05, 0.00041646, 1.545e-05, 1.317e-05,, 0.00061435, 0.00029763, 0.00234096, 0.00011422, 8.96e-06, 6.839e-05,, 0.00042462, 4.414e-05, 0.00328716, 9.911e-05, 1.045e-05,,, 0.00100185, 0.00047704, 0.00928626, 0.00026995,, 2.31e-05, 1.245e-05,,, 3.412e-05, 8.1e-07,, 5.762e-05, 5.6e-07,,, 1.361e-05, 1.96e-06,,, 2.397e-05,,,,,,,,
75,, 0.277291, 0.479452, 0.0518162, 0.10013, 0.00115521, 0.00144981, 0.0118591, 0.0230381, 0.00028253, 0.00035308, 0.00270201, 0.00549572, 1.126e-05, 1.347e-05,,, 0.0225049, 0.0277469, 0.00067181, 0.00100589, 0.00556097, 0.00728385, 9.598e-05, 0.00015012, 0.00089171, 0.00113359, 3.62e-06, 5.48e-06,,, 0.00695902, 0.00022794, 0.249727, 0.00168178, 5.954e-05, 0.0470355, 0.00013319, 0.00032573, 1.223e-05, 0.00180548,,, 0.012925, 0.00011355, 0.00010281, 0.0220981, 0.194931, 0.00247281, 2.429e-05, 2.403e-05, 0.00388941, 0.0349331, 1.963e-05, 0.00011016, 0.00050435, 5.16e-06, 4.92e-06, 0.00014861, 0.001272,,,, 0.00102578, 0.00094978, 0.00022585, 0.00020709,,, 8.149e-05, 0.00043083, 1.615e-05, 1.908e-05,, 0.00064174, 0.00031185, 0.00244681, 0.00012111, 1.316e-05, 0.00010004,, 0.00041511, 4.312e-05, 0.00363794, 9.917e-05, 1.04e-05,,, 0.00095373, 0.00051736, 0.0100789, 0.00025732,, 2.454e-05, 1.27e-05,,, 3.506e-05, 1.3e-06,, 6.063e-05, 8.9e-07, 4.95e-06,, 1.492e-05, 2.13e-06,,, 2.611e-05,,,,,,,,
76,, 0.27796, 0.478841, 0.0519851, 0.10048, 0.0011946, 0.0014918, 0.01197, 0.023274, 0.00029582, 0.00036795, 0.0027342, 0.00552131, 1.552e-05, 1.865e-05,,, 0.0231599, 0.0281029, 0.00071137, 0.00106509, 0.00575727, 0.00744516, 0.00010263, 0.00016081, 0.00095349, 0.00119919, 5.13e-06, 7.8e-06,,, 0.00715755, 0.00024454, 0.259988, 0.00175479, 6.444e-05, 0.0495537, 0.00015, 0.00034327, 1.309e-05, 0.00251868,,, 0.0133289, 0.00012016, 0.00010877, 0.0229258, 0.202138, 0.00261217, 2.602e-05, 2.586e-05, 0.00407416, 0.0366146, 2.213e-05, 0.00012415, 0.00053716, 5.5e-06, 5.31e-06, 0.00020627, 0.00176708,,,, 0.00108018, 0.00097596, 0.00023683, 0.00021456,,, 8.362e-05, 0.00044373, 1.683e-05, 2.613e-05,, 0.00066936, 0.00032607, 0.00255183, 0.00012825, 1.815e-05, 0.00013873,, 0.00040909, 4.193e-05, 0.00399945, 9.872e-05, 1.03e-05,,, 0.00090951, 0.00055902, 0.0108989, 0.00024531,, 2.599e-05, 1.294e-05,,, 3.607e-05, 1.97e-06,, 6.396e-05, 1.32e-06, 7.38e-06,, 1.636e-05, 2.32e-06,,, 2.852e-05,,,,,,,,
77,, 0.27873, 0.47807, 0.052138, 0.10082, 0.0012344, 0.0015332, 0.01208, 0.023525, 0.00030949, 0.00038316, 0.0027662, 0.0055462, 2.05e-05, 2.444e-05,,, 0.025126, 0.029997, 0.0007933, 0.0011874, 0.0062803, 0.0080248, 0.00011568, 0.00018154, 0.0010587, 0.0013058, 6.98e-06, 1.067e-05,,, 0.00736658, 0.00026143, 0.269903, 0.00183212, 6.949e-05, 0.0520525, 0.00016768, 0.00036187, 1.401e-05, 0.00336594,,, 0.0137481, 0.00012713, 0.00011507, 0.0237431, 0.209331, 0.00275612, 2.782e-05, 2.777e-05, 0.00425822, 0.0383162, 2.479e-05, 0.00013896, 0.00057207, 5.86e-06, 5.72e-06, 0.00027137, 0.00233251,,,, 0.00117487, 0.00103542, 0.00025588, 0.0002291,,, 8.544e-05, 0.00045461, 1.753e-05, 3.384e-05,, 0.00069808, 0.00034061, 0.00265913, 0.00013608, 2.396e-05, 0.00018261,, 0.00040304, 4.133e-05, 0.00438851, 9.824e-05, 1.019e-05,,, 0.00087768, 0.00060066, 0.0117165, 0.00023332,, 2.76e-05, 1.322e-05,,, 3.663e-05, 2.75e-06,, 6.745e-05, 1.86e-06, 1.042e-05,, 1.801e-05, 2.52e-06,,, 3.105e-05,,,,,,,,
78,, 0.279391, 0.477361, 0.0522921, 0.10112, 0.0012745, 0.0015753, 0.012185, 0.023772, 0.00032348, 0.00039852, 0.00279851, 0.00557171, 2.592e-05, 3.08e-05,,, 0.0264019, 0.0309979, 0.00085664, 0.0012827, 0.00664049, 0.00836628, 0.00012627, 0.00019846, 0.001158, 0.0014149, 9.25e-06, 1.42e-05,,, 0.00759665, 0.000279, 0.279741, 0.00190861, 7.48e-05, 0.0545854, 0.00018662, 0.00038062, 1.495e-05, 0.00426002,,, 0.014162, 0.00013428, 0.00012151, 0.024564, 0.21649, 0.00290581, 2.968e-05, 2.975e-05, 0.00444591, 0.0400381, 2.768e-05, 0.00015513, 0.00060813, 6.23e-06, 6.16e-06, 0.00034174, 0.00295111, 2.458e-05,,, 0.0012545, 0.00107742, 0.00027228, 0.00024095,,, 8.698e-05, 0.00046372, 1.81e-05, 4.196e-05,, 0.00072513, 0.00035415, 0.00275839, 0.00014344, 3.002e-05, 0.00022905,, 0.00040052, 4.077e-05, 0.00480025, 9.759e-05, 1.008e-05,,, 0.00084588, 0.00064234, 0.0125334, 0.00022167,, 2.943e-05, 1.358e-05,,, 3.747e-05, 3.66e-06,, 6.919e-05, 2.41e-06, 1.35e-05,, 1.98e-05, 2.73e-06,,, 3.365e-05,, 1.09e-06, 7e-08, 1.52e-06,,,,
79,, 0.280091, 0.476571, 0.0524202, 0.10143, 0.0013151, 0.0016169, 0.012291, 0.0240161, 0.00033775, 0.00041417, 0.00283061, 0.00559672, 3.166e-05, 3.775e-05,,, 0.0274491, 0.0316762, 0.00091515, 0.00136981, 0.00694593, 0.00863254, 0.0001363, 0.00021463, 0.00124331, 0.00149921, 1.184e-05, 1.823e-05,,, 0.00785037, 0.00029715, 0.289469, 0.00198829, 8.035e-05, 0.0571418, 0.00020671, 0.00040195, 1.597e-05, 0.00522218,,, 0.0145879, 0.0001418, 0.00012829, 0.0253848, 0.223628, 0.00306008, 3.162e-05, 3.186e-05, 0.00463507, 0.0417767, 3.075e-05, 0.00017218, 0.00064621, 6.62e-06, 6.62e-06, 0.00041556, 0.00360947, 4.876e-05,,, 0.0013387, 0.0011195, 0.00029039, 0.00025302,,, 8.812e-05, 0.00047014, 1.863e-05, 4.99e-05,, 0.00075552, 0.00036896, 0.00286667, 0.00015169, 3.647e-05, 0.00027874,, 0.00040314, 4.061e-05, 0.00529351, 9.787e-05, 1.014e-05,,, 0.00081088, 0.00068092, 0.0132931, 0.00020952,, 3.12e-05, 1.374e-05,,, 3.842e-05, 4.65e-06,, 6.808e-05, 2.85e-06, 1.611e-05,, 2.182e-05, 2.97e-06,,, 3.604e-05,, 1.96e-06, 1.3e-07, 2.72e-06,,,,
80,, 0.280731, 0.475791, 0.0525591, 0.10172, 0.0013561, 0.0016588, 0.01239, 0.0242651, 0.00035239, 0.00043014, 0.00286281, 0.00562191, 3.759e-05, 4.44e-05,,, 0.0289369, 0.0328029, 0.00099095, 0.00148369, 0.00736307, 0.00902656, 0.00014918, 0.00023523, 0.00135989, 0.00162369, 1.482e-05, 2.293e-05,,, 0.00810577, 0.00031596, 0.299143, 0.00206932, 8.621e-05, 0.0597505, 0.000228, 0.00042578, 1.719e-05, 0.00619976, 4.116e-05,, 0.015016, 0.00014959, 0.00013531, 0.0261959, 0.230739, 0.00321879, 3.361e-05, 3.404e-05, 0.00482529, 0.0435509, 3.404e-05, 0.00019044, 0.00068594, 7.03e-06, 7.11e-06, 0.00048996, 0.00428479, 6.35e-05,,, 0.00142626, 0.00116024, 0.00031101, 0.00026557,,, 8.944e-05, 0.00047726, 1.917e-05, 5.774e-05, 1.8e-06, 0.00078623, 0.00038408, 0.00297665, 0.00016103, 4.305e-05, 0.00032918, 1.534e-05, 0.00041142, 4.101e-05, 0.00589643, 0.00010072, 1.034e-05,,, 0.0007862, 0.00071573, 0.0139778, 0.000198,, 3.319e-05, 1.393e-05,,, 3.939e-05, 5.64e-06, 3.81e-06, 6.338e-05, 3.12e-06, 1.766e-05, 6.09e-06, 2.396e-05, 3.22e-06,,, 3.792e-05,, 3.23e-06, 2.1e-07, 4.45e-06,,, 1.5e-07, 1.2e-07
81,, 0.281469, 0.474849, 0.0526839, 0.10199, 0.0013975, 0.0017004, 0.012489, 0.0245019, 0.00036736, 0.00044618, 0.00289499, 0.00564679, 4.356e-05, 5.14e-05,,, 0.0306439, 0.0340989, 0.0010775, 0.00161289, 0.00783957, 0.00947767, 0.00016389, 0.00025885, 0.00149219, 0.00176339, 1.792e-05, 2.785e-05,,, 0.00838444, 0.00033548, 0.308781, 0.00215241, 9.232e-05, 0.0623623, 0.00025045, 0.00045083, 1.85e-05, 0.00711523, 5.231e-05,, 0.0154549, 0.00015771, 0.00014264, 0.0270068, 0.237828, 0.00338207, 3.565e-05, 3.633e-05, 0.00501666, 0.0453096, 3.754e-05, 0.00020975, 0.00072767, 7.45e-06, 7.63e-06, 0.00056439, 0.00496856, 8.15e-05,,, 0.00149081, 0.00117801, 0.00032717, 0.00027388,,, 9.093e-05, 0.00048467, 1.973e-05, 6.438e-05, 2.24e-06, 0.00081894, 0.00039979, 0.00308967, 0.00017092, 4.965e-05, 0.0003806, 1.949e-05, 0.00040851, 4.095e-05, 0.00627108, 0.00010084, 1.026e-05,,, 0.00077582, 0.00076351, 0.0149151, 0.00019246,, 3.519e-05, 1.414e-05,,, 4.029e-05, 6.61e-06, 4.69e-06, 6.559e-05, 3.65e-06, 2.097e-05, 7.55e-06, 2.618e-05, 3.47e-06,,, 4.106e-05,, 5.02e-06, 3.3e-07, 6.92e-06,,, 2.4e-07, 1.6e-07
82,, 0.282159, 0.473888, 0.0527888, 0.10225, 0.00143899, 0.00174159, 0.0125889, 0.0247379, 0.00038256, 0.0004623, 0.00292719, 0.00567158, 4.956e-05, 5.791e-05, 6.575e-05,, 0.0330911, 0.0361361, 0.0011947, 0.0017878, 0.00851602, 0.010138, 0.00018358, 0.00029047, 0.0016682, 0.0019511, 2.141e-05, 3.345e-05, 4.519e-05,, 0.00866321, 0.0003555, 0.318407, 0.00223628, 9.871e-05, 0.0650193, 0.00027413, 0.000477, 1.989e-05, 0.00804632, 6.19e-05,, 0.0159011, 0.00016706, 0.00015102, 0.0278162, 0.244872, 0.00355203, 3.778e-05, 3.871e-05, 0.00521024, 0.0471253, 4.127e-05, 0.0002304, 0.00077146, 7.91e-06, 8.18e-06, 0.0006355, 0.00563074, 9.743e-05, 1.9e-07,, 0.00158009, 0.0012128, 0.00034947, 0.00028686, 9.26e-06,, 9.162e-05, 0.00048739, 2.011e-05, 7.098e-05, 2.57e-06, 0.00085425, 0.00041644, 0.00321034, 0.00018146, 5.638e-05, 0.00043178, 2.311e-05, 0.00040746, 4.075e-05, 0.00663705, 0.00010054, 1.013e-05, 1.48e-06,, 0.00076443, 0.00081067, 0.0158459, 0.00018684,, 3.706e-05, 1.431e-05, 1.12e-06,, 4.099e-05, 7.55e-06, 5.36e-06, 6.823e-05, 4.21e-06, 2.453e-05, 8.74e-06, 2.871e-05, 3.76e-06, 5.6e-07,, 4.383e-05,, 7.44e-06, 4.9e-07, 1.022e-05, 3e-08,, 3.6e-07, 2.3e-07
83,, 0.28281, 0.47291, 0.0528821, 0.10249, 0.0014803, 0.001782, 0.01268, 0.02498, 0.00039803, 0.00047858, 0.0029594, 0.00569621, 5.543e-05, 6.516e-05, 0.00011986,, 0.034607, 0.037055, 0.0012821, 0.0019179, 0.0089566, 0.010499, 0.00019911, 0.00031549, 0.0018035, 0.0020858, 2.489e-05, 3.912e-05, 8.6e-05,, 0.00894229, 0.0003762, 0.32782, 0.00232, 0.00010537, 0.0676889, 0.00029905, 0.00050437, 2.138e-05, 0.00899449, 7.124e-05,, 0.0163541, 0.00017669, 0.00015965, 0.0286032, 0.251881, 0.00372472, 3.993e-05, 4.118e-05, 0.00540263, 0.0489093, 4.521e-05, 0.00025219, 0.00081727, 8.38e-06, 8.77e-06, 0.00070684, 0.00629773, 0.00011328, 3.7e-07,, 0.00167191, 0.00124441, 0.00037351, 0.00030014, 1.775e-05,, 9.204e-05, 0.00048831, 2.064e-05, 7.661e-05, 2.87e-06, 0.00089212, 0.000434, 0.00333684, 0.00019322, 6.31e-05, 0.00048434, 2.672e-05, 0.00040779, 4.05e-05, 0.00700678, 0.00010011, 1e-05, 2.81e-06,, 0.00075903, 0.00085878, 0.0167826, 0.00018243,, 3.908e-05, 1.447e-05, 2.09e-06,, 4.189e-05, 8.46e-06, 5.96e-06, 7.129e-05, 4.81e-06, 2.82e-05, 9.89e-06, 3.133e-05, 4.04e-06, 1.14e-06,, 4.746e-05,, 1.054e-05, 7e-07, 1.452e-05, 7e-08,, 5.1e-07, 3.4e-07
84,, 0.283449, 0.471838, 0.0529628, 0.10277, 0.00152239, 0.00182179, 0.0127699, 0.0252079, 0.00041386, 0.00049497, 0.00299139, 0.00575316, 6.142e-05, 7.212e-05, 0.00018578, 0.00030638, 0.0365129, 0.0383129, 0.00138799, 0.00207579, 0.00949787, 0.010963, 0.00021779, 0.0003456, 0.00196419, 0.00224479, 2.895e-05, 4.574e-05, 0.00014058, 0.00013765, 0.00922361, 0.00039763, 0.33716, 0.0024058, 0.00011228, 0.0703941, 0.00032516, 0.00053506, 2.319e-05, 0.00995871, 8.072e-05, 1.41e-06, 0.0168141, 0.0001865, 0.00016866, 0.0293981, 0.258731, 0.00390222, 4.215e-05, 4.376e-05, 0.00559743, 0.0507262, 4.939e-05, 0.00027519, 0.00087349, 8.87e-06, 9.39e-06, 0.00077905, 0.00697283, 0.00012958, 6e-07, 5.4e-07, 0.00176509, 0.0012728, 0.00040141, 0.00031359, 2.889e-05, 1.949e-05, 9.235e-05, 0.00048793, 2.113e-05, 8.191e-05, 3.14e-06, 0.00093198, 0.00045222, 0.0034678, 0.00020566, 6.999e-05, 0.00053826, 3.043e-05, 0.00040385, 3.983e-05, 0.00729781, 9.923e-05, 9.82e-06, 4.47e-06, 3.8e-07, 0.00076472, 0.00091266, 0.0178443, 0.00018051, 7.19e-06, 4.093e-05, 1.448e-05, 3.29e-06, 1.14e-06, 4.261e-05, 9.3e-06, 6.49e-06, 7.392e-05, 5.41e-06, 3.181e-05, 1.097e-05, 3.378e-05, 4.29e-06, 1.94e-06, 2.1e-07, 5.163e-05, 2.52e-06, 1.439e-05, 9.5e-07, 1.997e-05, 1.3e-07,, 7e-07, 5.1e-07
85,, 0.28413, 0.47078, 0.053045, 0.10292, 0.0015639, 0.0018617, 0.01285, 0.025442, 0.00042992, 0.00051155, 0.0030233, 0.00581, 6.756e-05, 7.911e-05, 0.00026321, 0.00044185, 0.038209, 0.03927, 0.0014898, 0.0022277, 0.0099961, 0.011347, 0.00023619, 0.0003754, 0.002118, 0.0023911, 3.317e-05, 5.266e-05, 0.00020815, 0.00020378, 0.00950116, 0.00041944, 0.346269, 0.00249089, 0.00011954, 0.0730847, 0.0003523, 0.00056887, 2.512e-05, 0.010933, 9.037e-05, 2.14e-06, 0.0172798, 0.0001965, 0.0001778, 0.0301666, 0.265507, 0.00408365, 4.438e-05, 4.642e-05, 0.00578833, 0.0525234, 5.377e-05, 0.00029918, 0.00093152, 9.39e-06, 1.004e-05, 0.00085147, 0.00765211, 0.0001466, 8.9e-07, 8.1e-07, 0.0018607, 0.0012981, 0.00043084, 0.00032734, 4.289e-05, 2.86e-05, 9.189e-05, 0.00048336, 2.144e-05, 8.623e-05, 3.38e-06, 0.00097552, 0.00047201, 0.00361, 0.00021915, 7.732e-05, 0.00059496, 3.437e-05, 0.00039877, 3.885e-05, 0.00751316, 9.788e-05, 9.56e-06, 6.44e-06, 5.5e-07, 0.00077426, 0.00097228, 0.0190173, 0.00018206, 1.077e-05, 4.277e-05, 1.446e-05, 4.73e-06, 1.61e-06, 4.33e-05, 1.009e-05, 6.99e-06, 7.621e-05, 5.98e-06, 3.533e-05, 1.199e-05, 3.632e-05, 4.55e-06, 2.98e-06, 3.2e-07, 5.615e-05, 3.98e-06, 1.912e-05, 1.26e-06, 2.672e-05, 2.3e-07, 1e-08, 9.2e-07, 7.6e-07
86,, 0.284828, 0.469587, 0.0531046, 0.103169, 0.00160619, 0.00190129, 0.0129309, 0.0256678, 0.00044619, 0.00052814, 0.00305528, 0.00586666, 7.381e-05, 8.617e-05, 0.00035166, 0.00059761, 0.0400399, 0.0402679, 0.001601, 0.00239269, 0.010526, 0.011749, 0.00025646, 0.00040818, 0.00228359, 0.00254459, 3.783e-05, 6.029e-05, 0.00029115, 0.00028328, 0.00977885, 0.00044187, 0.355292, 0.00257791, 0.00012701, 0.0757814, 0.00038065, 0.00060437, 2.742e-05, 0.0119291, 0.00010027, 3.05e-06, 0.017848, 0.00020679, 0.00018711, 0.0309219, 0.272069, 0.00426739, 4.665e-05, 4.915e-05, 0.00597738, 0.0543029, 5.836e-05, 0.00032438, 0.00099134, 9.92e-06, 1.073e-05, 0.00092404, 0.00833349, 0.0001641, 1.24e-06, 1.16e-06, 0.00195671, 0.00131931, 0.00046368, 0.00034343, 5.993e-05, 3.926e-05, 9.155e-05, 0.00047864, 2.174e-05, 9.018e-05, 3.61e-06, 0.00101999, 0.00049173, 0.00375195, 0.00023307, 8.473e-05, 0.0006522, 3.846e-05, 0.00038894, 3.738e-05, 0.00757627, 9.47e-05, 9.14e-06, 8.58e-06, 7.3e-07, 0.00078704, 0.00103791, 0.0202992, 0.00018438, 1.518e-05, 4.447e-05, 1.433e-05, 6.39e-06, 2.11e-06, 4.408e-05, 1.085e-05, 7.45e-06, 7.826e-05, 6.54e-06, 3.874e-05, 1.298e-05, 3.93e-05, 4.85e-06, 4.34e-06, 4.6e-07, 6.057e-05, 5.84e-06, 2.477e-05, 1.63e-06, 3.485e-05, 3.8e-07, 1e-08, 1.18e-06, 1.13e-06
87,, 0.285481, 0.468502, 0.0531692, 0.10333, 0.00164941, 0.00194061, 0.01301, 0.0258971, 0.00046276, 0.00054481, 0.00309051, 0.00593622, 8.037e-05, 9.351e-05, 0.00043221, 0.00073999, 0.0422069, 0.0415149, 0.0017301, 0.00258449, 0.011153, 0.012234, 0.00027998, 0.00044646, 0.00247419, 0.00271909, 4.326e-05, 6.923e-05, 0.00037325, 0.00036244, 0.01005, 0.00046463, 0.36401, 0.0026629, 0.00013468, 0.078455, 0.00040991, 0.00063558, 2.984e-05, 0.01295, 0.00011336, 3.98e-06, 0.0184281, 0.00021726, 0.00019666, 0.0316611, 0.278451, 0.00445431, 4.894e-05, 5.196e-05, 0.00616542, 0.0560822, 6.318e-05, 0.00035077, 0.0010531, 1.048e-05, 1.145e-05, 0.00099841, 0.00903953, 0.00018748, 1.51e-06, 1.5e-06, 0.00205901, 0.0013399, 0.00049911, 0.00035976, 7.34e-05, 4.934e-05, 9.055e-05, 0.00047039, 2.19e-05, 9.333e-05, 3.91e-06, 0.00106366, 0.00051137, 0.0038886, 0.00024707, 9.234e-05, 0.00071133, 4.233e-05, 0.00039304, 3.745e-05, 0.00792727, 9.51e-05, 9.04e-06, 1.04e-05, 9.2e-07, 0.00078924, 0.00108977, 0.0213246, 0.00018421, 1.93e-05, 4.665e-05, 1.43e-05, 7.64e-06, 2.56e-06, 4.425e-05, 1.141e-05, 7.81e-06, 8.008e-05, 7.1e-06, 4.214e-05, 1.387e-05, 4.248e-05, 5.17e-06, 5.5e-06, 6.1e-07, 6.559e-05, 7.84e-06, 3.154e-05, 2.06e-06, 4.445e-05, 5.3e-07, 1e-08, 1.48e-06, 1.63e-06
88,, 0.286148, 0.467317, 0.0532217, 0.103579, 0.00169219, 0.00197859, 0.0130879, 0.0261248, 0.00047969, 0.00056161, 0.00312578, 0.00604326, 8.714e-05, 0.00010109, 0.0004908, 0.00086144, 0.0433931, 0.0416861, 0.001822, 0.0027207, 0.011517, 0.012407, 0.0002979, 0.0004754, 0.0026099, 0.00282751, 4.805e-05, 7.721e-05, 0.00044568, 0.00043309, 0.00993459, 0.00046969, 0.35864, 0.0026458, 0.00013729, 0.078102, 0.0004238, 0.00064244, 3.119e-05, 0.013479, 0.00012235, 4.69e-06, 0.0190201, 0.00022779, 0.00020636, 0.0323722, 0.284672, 0.00464402, 5.124e-05, 5.486e-05, 0.00634933, 0.0578233, 6.82e-05, 0.00037813, 0.00111671, 1.12e-05, 1.222e-05, 0.00107401, 0.00975435, 0.00021224, 1.78e-06, 1.83e-06, 0.0021665, 0.0013589, 0.0005367, 0.000376, 8.718e-05, 5.825e-05, 9.62e-05, 0.00049598, 2.367e-05, 0.00010331, 4.51e-06, 0.00107658, 0.00051492, 0.00390742, 0.00025388, 9.724e-05, 0.00074894, 4.514e-05, 0.00041523, 3.923e-05, 0.00867623, 0.00010062, 9.36e-06, 1.282e-05, 1.14e-06, 0.00079061, 0.00113161, 0.0221483, 0.00018499, 2.283e-05, 4.988e-05, 1.45e-05, 9.04e-06, 2.98e-06, 3.259e-05, 8.74e-06, 6.02e-06, 8.192e-05, 7.67e-06, 4.556e-05, 1.476e-05, 4.353e-05, 5.23e-06, 6.44e-06, 7.3e-07, 7.047e-05, 9.8e-06, 3.894e-05, 2.54e-06, 5.512e-05, 7.1e-07, 2e-08, 1.76e-06, 2.25e-06
89,, 0.286898, 0.466207, 0.0532646, 0.103729, 0.00173589, 0.00201729, 0.0131559, 0.0263428, 0.0004968, 0.0005784, 0.00316098, 0.00615126, 9.405e-05, 0.00010864, 0.00053306, 0.00095656, 0.0456809, 0.0428469, 0.00196559, 0.00293369, 0.012182, 0.012879, 0.00032472, 0.000519, 0.00281749, 0.00300689, 5.448e-05, 8.785e-05, 0.00049959, 0.00049734, 0.010213, 0.00049327, 0.367091, 0.00273141, 0.00014543, 0.0807702, 0.00045447, 0.00067426, 3.383e-05, 0.014516, 0.00013527, 5.23e-06, 0.0196259, 0.00023857, 0.00021629, 0.0330698, 0.290678, 0.00483686, 5.354e-05, 5.783e-05, 0.00653045, 0.0595616, 7.343e-05, 0.00040664, 0.00118179, 1.192e-05, 1.317e-05, 0.00114959, 0.0104739, 0.00023484, 2.03e-06, 2.13e-06, 0.00227979, 0.0013756, 0.00057614, 0.00039203, 0.00010062, 6.581e-05, 9.741e-05, 0.00049781, 2.435e-05, 0.00010845, 4.82e-06, 0.00112001, 0.00053358, 0.00403525, 0.00026802, 0.00010484, 0.00080786, 4.935e-05, 0.00042085, 3.943e-05, 0.00905549, 0.00010213, 9.3e-06, 1.465e-05, 1.29e-06, 0.00080182, 0.00118208, 0.0231348, 0.00018746, 2.609e-05, 5.279e-05, 1.45e-05, 1.03e-05, 3.27e-06, 3.293e-05, 9.11e-06, 6.25e-06, 8.304e-05, 8.15e-06, 4.854e-05, 1.56e-05, 4.715e-05, 5.59e-06, 7.7e-06, 8.6e-07, 7.592e-05, 1.176e-05, 4.826e-05, 3.14e-06, 6.868e-05, 9.3e-07, 2e-08, 2.12e-06, 3.07e-06
90,, 0.28767, 0.46502, 0.053304, 0.10396, 0.0017789, 0.0020549, 0.013223, 0.026569, 0.00051423, 0.0005953, 0.0031963, 0.00626, 0.00010116, 0.00011631, 0.00055875, 0.001029, 0.0478298, 0.0438299, 0.00210939, 0.00314739, 0.012823, 0.013299, 0.0003521, 0.00056329, 0.00302269, 0.00317559, 6.125e-05, 9.907e-05, 0.00055162, 0.00054996, 0.010483, 0.00051768, 0.375571, 0.00281931, 0.00015388, 0.0834752, 0.00048639, 0.00070698, 3.661e-05, 0.015565, 0.00014824, 5.78e-06, 0.0202469, 0.00024936, 0.00022632, 0.0337349, 0.296529, 0.00503129, 5.583e-05, 6.086e-05, 0.00670758, 0.0612548, 7.886e-05, 0.00043621, 0.0012477, 1.264e-05, 1.417e-05, 0.0012237, 0.011192, 0.00025389, 2.25e-06, 2.38e-06, 0.0023995, 0.0013914, 0.00061854, 0.00040778, 0.00011266, 7.103e-05, 9.131e-05, 0.00046209, 2.318e-05, 0.00010495, 4.76e-06, 0.00117879, 0.00055896, 0.00421303, 0.00028607, 0.00011395, 0.00087772, 5.367e-05, 0.00042249, 3.908e-05, 0.0092953, 0.0001022, 9.19e-06, 1.593e-05, 1.37e-06, 0.00081861, 0.00124029, 0.0242771, 0.00019125, 2.861e-05, 5.504e-05, 1.424e-05, 1.123e-05, 3.38e-06, 3.281e-05, 9.29e-06, 6.39e-06, 8.488e-05, 8.71e-06, 5.187e-05, 1.618e-05, 5.055e-05, 5.91e-06, 8.7e-06, 9.7e-07, 8.208e-05, 1.355e-05, 5.848e-05, 3.78e-06, 8.512e-05, 1.07e-06, 2e-08, 2.57e-06, 3.9e-06
91,, 0.288439, 0.463919, 0.0533429, 0.10418, 0.001823, 0.002093, 0.013291, 0.0267829, 0.00053176, 0.00061207, 0.00323089, 0.00636819, 0.00010628, 0.00012145, 0.0005708, 0.0010677, 0.050397, 0.044991, 0.0022761, 0.0033942, 0.013568, 0.01379, 0.00038362, 0.00061462, 0.0032409, 0.0033364, 6.773e-05, 0.00010963, 0.00059295, 0.00058405, 0.00984309, 0.0004962, 0.35114, 0.0026583, 0.0001487, 0.0788189, 0.00047446, 0.00067449, 3.583e-05, 0.014921, 0.00013818, 6.22e-06, 0.0208669, 0.00026059, 0.00023675, 0.0344078, 0.302378, 0.00522926, 5.815e-05, 6.4e-05, 0.00688325, 0.0629386, 8.447e-05, 0.00046655, 0.00131169, 1.331e-05, 1.508e-05, 0.00127439, 0.0116599, 0.00027266, 2.41e-06, 2.6e-06, 0.00252889, 0.00140619, 0.00066075, 0.00041989, 0.00012203, 7.505e-05, 8.417e-05, 0.0004215, 2.163e-05, 9.763e-05, 4.52e-06, 0.00124476, 0.00058695, 0.00441544, 0.00030507, 0.00012148, 0.00093261, 5.815e-05, 0.00042993, 3.895e-05, 0.00943722, 0.00010283, 9.15e-06, 1.682e-05, 1.44e-06, 0.00083506, 0.00128358, 0.0251403, 0.00019494, 3.073e-05, 5.751e-05, 1.388e-05, 1.187e-05, 3.41e-06, 3.248e-05, 9.14e-06, 6.42e-06, 8.65e-05, 9.08e-06, 5.382e-05, 1.67e-05, 4.997e-05, 5.76e-06, 8.89e-06, 9.8e-07, 8.785e-05, 1.49e-05, 7.019e-05, 4.51e-06, 0.00010512, 1.27e-06, 2e-08, 3.06e-06, 4.6e-06
92,, 0.289261, 0.462811, 0.0533711, 0.10438, 0.0018673, 0.0021301, 0.013348, 0.0270001, 0.00054954, 0.00062878, 0.00326591, 0.00647761, 0.00011236, 0.00012758, 0.0005823, 0.0010974, 0.0537558, 0.0467569, 0.00248529, 0.00370359, 0.014528, 0.014467, 0.00042326, 0.00067839, 0.00352109, 0.00355459, 7.628e-05, 0.00012366, 0.00063663, 0.00061726, 0.0101029, 0.00052002, 0.358938, 0.00274179, 0.00015707, 0.0812926, 0.0005055, 0.00070406, 3.843e-05, 0.0157439, 0.00014501, 6.59e-06, 0.021506, 0.00027178, 0.00024723, 0.0350481, 0.307931, 0.00542881, 6.043e-05, 6.72e-05, 0.00705271, 0.0645821, 9.023e-05, 0.00049792, 0.0013774, 1.401e-05, 1.606e-05, 0.0013336, 0.012218, 0.0002872, 2.57e-06, 2.77e-06, 0.00266331, 0.0014178, 0.0007056, 0.00043285, 0.00013195, 7.733e-05, 8.811e-05, 0.00043608, 2.291e-05, 0.00010371, 4.79e-06, 0.00129619, 0.00060764, 0.00455624, 0.00032093, 0.00012855, 0.0009846, 6.223e-05, 0.00044373, 3.938e-05, 0.00976096, 0.00010496, 9.25e-06, 1.795e-05, 1.5e-06, 0.00084504, 0.00132168, 0.0258763, 0.00019722, 3.189e-05, 6.011e-05, 1.351e-05, 1.257e-05, 3.36e-06, 3.273e-05, 9.17e-06, 6.53e-06, 8.76e-05, 9.44e-06, 5.583e-05, 1.705e-05, 5.365e-05, 6.1e-06, 9.59e-06, 1.02e-06, 9.319e-05, 1.563e-05, 8.277e-05, 5.29e-06, 0.00013016, 1.44e-06, 2e-08, 3.64e-06, 5.51e-06